Restaurant Name,Phone,Area,Category,Date Called,Spoke To,Outcome,Tier Interested,Follow-Up Date,Signed Up?,Notes
Bake & Beans,09-620 7869,Auckland,Bakery - Sweet,2026-02-27,,Signed Up,Verified,,Yes,Verified Shop status active.
Bake & Beans,09-278 2119,Auckland,Bakery - Sweet,2026-03-04,Humam (manager),Signed Up,$10 weekly ($40/month),,Yes,"$10 weekly plan, $40 a month. SMS sent to 0225011883. Confirmed today."
Bake & Beans,09 250 4786,Auckland,Bakery - Sweet,,,,,,,
Bake & Beans,09 600 3270,Auckland,Bakery - Sweet,,,,,,,
Baklawa Café,021-278 5050,Auckland,Bakery - Mediterranean - Sweet - Cafe - Other,,,,,,,
Chef's Patisseries & Catering,09-277 9964,Auckland,Bakery - Sweet,,,,,,,
Khanz Bakery,09-270 6323,Auckland,Bakery - Sweet,,,,,,,
Lunas Bakehouse,09 622 0712,Auckland,Bakery - Sweet,,,,,,,
Lunas Bakehouse,09 622 0712,Auckland,Bakery - Sweet,,,,,,,
Manis Bakery,09 360 1676,Auckland,Bakery - Sweet,,,,,,,
Paradise,09-845 1144,Auckland,Indian - Chicken - Fish,,,,,,,
Pita House,09-636 2005,Auckland,Bakery - Sweet - Mediterranean,,,,,,,
Shefco Middle Eastern Cuisine,09-620 5404,Auckland,Mediterranean - Sweet - Cafe - Other,,,,,,,
North Shore Meat Centre,09-442 0068,New Zealand,Meat,,,,,,,
A1 Halal Chicken,0210 298 6484,Auckland,Meat,,,,,,,
Al Salam Halal Meat,022 357 3609,Auckland,Meat,,,,,,,
Auckland Halal Meats,09 846 5115,Auckland,Meat,,,,,,,
Etihad Halal Meat Butchery,09 948 1215,Auckland,Meat,,,,,,,
Khan's Halal Butchery,09 815 3466,Auckland,Meat,,,,,,,
Khan's Halal Meats,09 828 8568,Auckland,Meat,,,,,,,
Madina Halal Meats,09 218 7788,Auckland,Meat,,,,,,,
Premium Meats Wholesale NZ,09 820 0130,Auckland,Meat,,,,,,,
Premium Meats,09 629 6209,Auckland,Meat,,,,,,,
Shefco Halal Meats,09 620 8080,Auckland,Meat,,,,,,,
Barakah Halal Meats & Spices,09 818 6383,Auckland 0612,Meat,,,,,,,
Younus Halal Meat And Spices,09 629 2721,Auckland,Meat,2026-02-27,,Signed Up,Featured,,Yes,Featured Partner - Verified badge added.
Food for Less (Butcher),09 826 4387,Auckland,Meat,,,,,,,
Kelston Halal Meats,09 818 6383,Auckland,Meat,,,,,,,
Khan's Westside Halal Meats Ltd,09 836 4353,Auckland,Meat,,,,,,,
Westcity Halal Meats NZ Ltd,09 835 4786,Auckland,Meat,,,,,,,
Continental Meat & Spices,09 263 8080,Auckland,Meat,,,,,,,
Food for Less (Butcher),09 826 4387,Auckland,Meat,,,,,,,
Get Fresh Halal Meats,09 276 7779,Auckland.,Meat,,,,,,,
GetFresh SuperMarket,09 275 7197,Auckland,Meat,,,,,,,
Hunters Corner Halal Butchery,09 279 9771,Auckland,Meat,,,,,,,
Madinah Halal Meats,09 263 8070,Auckland,Meat,,,,,,,
Pasifika Halal Meats,09 279 4388,Auckland,Meat,,,,,,,
"Shop N Save Supermarket, Butchery",09 257 0961,Auckland,Meat,,,,,,,
SuperCity Halal Meats Ltd,09 276 3777,Auckland,Meat,,,,,,,
The King Meat & Spices,09 947 6466,Auckland,Meat,,,,,,,
"Mediterranean Hub, Butchery",09 600 2341,Auckland,Meat,,,,,,,
Kiwi Halal Meats,04-586 9786,Wellington,Meat - Shop,,,,,,,
Krazy Price Mart,03-389 8786,Christchurch,Meat - Shop,,,,,,,
Maihan Supermarket and Halal Meat Ltd,03-332 1897,Christchurch,Meat - Shop,,,,,,,
Mediterranean Food Company,03-379 5122,Christchurch,Meat - Shop,,,,,,,
Nobani Butchery & ethnic shop Bush Inn,022 342 6772,Christchurch 8041,Meat - Shop,,,,,,,
Firdaus Halal Meat,07-8555914,Hamilton,Meat - Shop,,,,,,,
Khyber Food and Spices and Halal Meats,07-835 8011,Hamilton,Meat - Shop,,,,,,,
Muzzammil Halal Ltd,07-855 5243,Hamilton,Meat - Shop,,,,,,,
Zam Zam Supermarket Limited,09 600 2219,Auckland 0610,Shop,,,,,,,
Wolverton Halal Meat Market,09 828 7869,Auckland 0600,Meat - Shop,,,,,,,
Cafe Anatolia Hastings,06-876 3440,Hastings,Kebab - Burger,,,,,,,
Kiwi Kebab Corner,09 828 5853,Auckland 1026,Kebab - Burger,,,,,,,
Kiwi Kebab Corner,09 828 5853,Auckland 2102,Kebab - Burger,,,,,,,
The kebab and Chicken House,09 600 3533,Auckland 1010,Kebab - Burger - Chicken,,,,,,,
Cafe Anatolia Hastings,06-870 3307,Hastings,Kebab - Burger,,,,,,,
Cafe Anatolia Masterton,06-370 3681,172 Queen St. Masterton,Kebab - Burger,,,,,,,
Saz Kebab Morrinsville,07-889 4949,Morrinsville,Kebab - Pizza,,,,,,,
Cafe Anatolia Taradale,06-844 2587,Napier,Kebab - Burger,,,,,,,
Cafe Anatolia Napier,06-834 1170,Napier,Kebab - Burger,,,,,,,
Cafe Anatolia Ahuriri,06-833 7216,Napier,Kebab - Burger,,,,,,,
Cafe Anatolia Marewa,06-843 3239,Napier,Kebab - Burger,,,,,,,
Cafe Turquoise,06-757 8921,New Plymouth,Kebab - Burger,,,,,,,
Sumela Kebab,06-751 4624,New Plymouth,Kebab - Burger,,,,,,,
Café Anatolia,07-571-8711,Tauranga,Kebab - Burger,,,,,,,
Turkish Star Kebabs,07-579 6390,Tauranga,Kebab - Pizza,,,,,,,
Saz Kebab Te Aroha,07-884 8215,149 Whitaker St Te Aroha,Kebab - Pizza,,,,,,,
Cafe Anatolia Te Awamutu,07-871 8146,Te Awamutu,Kebab - Burger,,,,,,,
Indian Taj Restaurant,06 379 5600,Wairarapa,Indian,,,,,,,
Cafe Anatolia Wanganui,06-348 7180,Wanganui,Kebab - Burger,,,,,,,
Airport Kebabs & Pizza,09-275 7800,Auckland,Kebab - Pizza - Burger,,,,,,,
Beach Pizza Manukau,09 250 1926,Auckland,Pizza,,,,,,,
Beach Pizza Manurewa,09-267 9817,Auckland,Pizza,,,,,,,
Beach Pizza Papatoetoe,09 216 1211,Auckland,Pizza,,,,,,,
Flame Pizza Takanini,09 264 0124,Auckland,Pizza - Burger,,,,,,,
Milano's Pizza,09-277 8001,Auckland,Pizza - Chicken - Burger,,,,,,,
Milanos Curry Place & Pizza,09-262 4040,Auckland,Pizza - Chicken - Burger,,,,,,,
Firewood Pizza Garden,0210 661 300,Auckland,Pizza,,,,,,,
The Rustic Pizzeria,09 478 7842,Auckland,Pizza - Chicken,,,,,,,
Beach Pizza Panmure,09 600 1050,Auckland,Pizza,,,,,,,
Flame Pizza Limited,09-277 0842,Auckland,Pizza - Burger,,,,,,,
Soul Pizza,022 376 6203,Auckland 1025,Pizza,,,,,,,
Makassar Corner Indonesia,0210 916 8818,193 Dominion road Mt Eden Auckland 1024,Asia,,,,,,,
Beach Pizza Glendene,09 837 3786,Auckland,Pizza,,,,,,,
Byte Burger,09-217 4979,Auckland,Burger - Chicken,,,,,,,
Bull’s burgers,021 110 5442,1041,Burger,,,,,,,
BEE PIZZERIA,021 110 5442,Christchurch 8042,Pizza,,,,,,,
Galaxy Pizza Ultra,09 212 2123,Auckland,Pizza,,,,,,,
Beach Pizza,09 212 2123,Auckland,Pizza,,,,,,,
Istanbul Shawarma & Woodfire Pizza,09-377 0155,Auckland,Pizza - Kebab - Mediterranean,,,,,,,
Pizza Haven,21 0220 5053,Auckland.,Pizza Shops - Burgers,,,,,,,
Massey Campus Kebab,027 226 3878,Auckland,Kebab - Burger,,,,,,,
Chicking,09-948 0615,Auckland,Chicken,,,,,,,
Kebab Serai,09-419 5650,Auckland,Kebab - Burger,,,,,,,
Cafe Anatolia Turkish Cuisine,09-478 1661,Auckland,Kebab - Burger,,,,,,,
Sensational Chicken-Browns Bay,09-217 1786,Auckland,Kebab - Burger - Chicken,,,,,,,
Kebab Hutt,09 262 0100,Auckland 2104,Kebab - Burger - Chicken,,,,,,,
Mozaic Kebab,09 265 0949,Auckland 2013,Kebab - Burger - Chicken,,,,,,,
Chicken Wiken,07 391 9090,Hamilton 3216,Kebab - Burger - Chicken,,,,,,,
Chicken Wiken,07 843 0959,Hamilton 3206,Kebab - Burger - Chicken,,,,,,,
Glen Eden Kebab Glenfield,09-444 9645,Auckland,Kebab - Burger - Pizza,,,,,,,
Kebab Serai Milford,09-489 1588,Auckland,Kebab - Burger,,,,,,,
AUT Campus kebab,027-417 0639,Auckland,Kebab - Burger,,,,,,,
Songket Malaysian Cafe,09-200 1818,Auckland,Asia,,,,,,,
Sharzad Kebab,09-486 1980,Auckland,Kebab - Burger,,,,,,,
Arbung Thai,09-214 2010,Auckland,Asia,,,,,,,
Celine Mediterranean Cuisine,09-373 2450,Auckland,Mediterranean,,,,,,,
Chamate Restaurant,09-302 7788,Auckland,Asia,,,,,,,
Smash Burger,09 307 6871,Auckland,Burger,,,,,,,
Juice Up,09 558 4669,Auckland 1052,Sweet,,,,,,,
Divine Patisserie,09 212 3676,Auckland 2019,Sweet - Cafe - Other,,,,,,,
Heavenly Kebabs,09-948 2544,Auckland,Kebab - Burger,,,,,,,
Kebab King,09-300 7191,Auckland,Kebab - Burger,,,,,,,
Sahara Grill,-,Auckland 1042,Kebab - Burger,,,,,,,
No.1 LanZhou Handmade Ramen,09 600 2089,Auckland,Asia,,,,,,,
NZ Kebab and Sensational Chicken,09-366 1624,Auckland,Kebab - Burger - Chicken,,,,,,,
Chickmate!,-,Auckland 0600,Kebab - Burger - Chicken,,,,,,,
Pita House,09-309 3176,Auckland,Chicken,,,,,,,
The Kebab House,09-373 5656,Auckland,Kebab - Burger,,,,,,,
The Tandoor,09-302 2722,Auckland,Indian,,,,,,,
Uncle Man's Restaurant & Takeaway,09-377 1799,Auckland,Asia,,,,,,,
Uncle Man's,09-377 1799,Auckland 2104,Asia,,,,,,,
Uncle Man's Restaurant & Takeaway,09-215 0409,Auckland,Asia,,,,,,,
Betsia Kebabs,09-307 0107,Auckland,Kebab - Burger,,,,,,,
Kebab To Go,09-307 6675,Auckland,Kebab - Burger,,,,,,,
Grey Lynn Turkish Kebab,09-360 6268,Auckland,Kebab - Burger - Fish,,,,,,,
Petra Shawarma,09 815 8652,Auckland,Mediterranean,,,,,,,
Kebabs on Queen,09-524 6870,Auckland,Kebab - Burger,,,,,,,
Pastarita,09-558 1011,Auckland,Pasta,,,,,,,
PressHouse Cafe,021 297 815,Auckland,Cafe - Other,,,,,,,
Zeta Greek Kitchen,09-600 2598,Auckland,Kebab - Mediterranean,,,,,,,
Kebab King,09-303 3665,Auckland,Kebab,,,,,,,
Turkish Kebab & Burger,09-845 5151,Auckland,Kebab - Burger,,,,,,,
The Greek House,09 846 9955,Auckland,Kebab - Burger - Mediterranean,,,,,,,
Kampung Malaysia,09 360 9869,Auckland,Asia,,,,,,,
Zap Lai,09-361 6256,Auckland.,Malay,,,,,,,
Jadetown Uyghur Cuisine,09-623 5072,Auckland,Malay,,,,,,,
Dundale's Fusion Fijian Cafe & Eatery,09-627 9000,Auckland,Cafe - Burger - Indian,,,,,,,
Firangi Fusion,09-626 2003,Auckland,Indian,,,,,,,
Kebab Club,022 396 4061,Auckland,Kebab - Burger - Fish,,,,,,,
Epsom Turkish Kebabs,09-630 0019,Auckland,Kebab - Burger,,,,,,,
Hambagu,0210 271 6403,Auckland,Burger - Chicken,,,,,,,
Chickhen Republic,09 390 7978,Auckland,Chicken - Burger - Kebab,,,,,,,
Rocket Kebabs,09-846 2300,Auckland,Kebab - Burger,,,,,,,
Eden Kebab,09-623 1616,Auckland,Kebab - Burger,,,,,,,
Kebab N Chicken,09 623 1184,Auckland,Kebab - Burger - Chicken,,,,,,,
Kebab Stop,09-623 1315,Auckland,Kebab - Burger,,,,,,,
Mt Eden Village Kebab,09-623 0339,Auckland,Kebab - Burger,,,,,,,
Raos Indonesian Street Food,09-623 0459,Auckland,Asia,,,,,,,
Tareks Coffee Buzz,022 167 1282,Auckland,Cafe - Other,,,,,,,
Taste of India,021 870 546,Auckland,Indian,,,,,,,
Yala Lounge,0210 274 3191,Auckland,Cafe - Other,,,,,,,
Banaadir African Restaurant,020 4069 9202,Auckland,Other,,,,,,,
Des Traditions,09-629 3121,Auckland,Mediterranean - Indian,,,,,,,
Falaq Biryani House,09-212 2255,Auckland,Indian,,,,,,,
Halal Fried Chicken,09-620 5785,Auckland,Chicken - Burger - Kebab,,,,,,,
Kabul House,09-620 5888,Auckland,Mediterranean,,,,,,,
Kebabs Sensation,09 217 8979,Auckland,Burger - Kebab,,,,,,,
Mi IndoChi,021 764 322,Auckland,Asia,,,,,,,
Monster Kebab,09 214 8914,Auckland,Chicken - Burger - Kebab,,,,,,,
Nana's Fish House,09-620 8399,Auckland,Kebab - Burger - Fish,,,,,,,
NZ Kebab and Sensational Chicken,09 620 6475,Auckland,Chicken - Burger - Kebab,,,,,,,
Alif By Sensational Chicken,021 233 9578,Auckland 1060,Chicken - Burger - Kebab,,,,,,,
Peshawari Hutt,09 629 0721,Auckland,Asia,,,,,,,
Tapsi,09-600 1807,Auckland,Mediterranean,,,,,,,
Tasty Kebab Ltd,09-620 8407,Auckland,Chicken - Burger - Kebab,,,,,,,
Thai Kitchen Takeway,09-390 0565,Auckland,Asia,,,,,,,
Chicking,09 218 8169,Auckland,Chicken - Burger,,,,,,,
Chicking,09 213 0577,Takanini 2112,Chicken - Burger,,,,,,,
Kebabs on Queen,09-636 6616,Auckland,Burger - Kebab,,,,,,,
Royal Kebab,09-625 8755,Auckland,Burger - Kebab,,,,,,,
Bawarchi,09-845 5525,Auckland,Indian,2026-02-27,,Signed Up,Premium,,Yes,VIP Partner - Gallery and Menu added.
Chicking,09-212 6923,Auckland,Chicken - Burger,,,,,,,
Eat Love Repeat - Smashed Burger,022 492 0598,Auckland,Burger,,,,,,,
Top in Town Biryani House,09-948 5856,Auckland,Indian,,,,,,,
Kebab King,09-845 8451,Auckland,Burger - Kebab,,,,,,,
Chickhen Republic,022 646 9600,Auckland,Chicken - Burger - Kebab,,,,,,,
Wicked Chicken,09-573 5740,Auckland,Chicken - Burger - Kebab,,,,,,,
Wicked Chicken,06 345 0009,Whanganui 4500,Chicken - Burger - Kebab,,,,,,,
Khanz Takeaway,09-527 0647,Auckland,Indian - Mediterranean,,,,,,,
Lablabu Friends,09-527 0647,Auckland,Bakery - Sweet,,,,,,,
Waffle Cafe,0210 827 6378,Auckland 1041,Bakery - Sweet,,,,,,,
Professional Indian Cuisine,09 948 2050,Auckland,Indian,,,,,,,
Queens Kebab,09-570 5536,Auckland,Kebab - Burger,,,,,,,
Pita House Pakuranga Fresh Halal Meat,09-577 5718,Auckland,Meat,,,,,,,
Amanah Butchery,09 553 5353,Auckland 0614,Meat,,,,,,,
Ayesha Halal Meats,09 558 4625,Auckland 2016,Meat,,,,,,,
Kebab Serai,09-522 5656,Auckland,Kebab - Burger,,,,,,,
Ahad's Kitchen,09 600 2152,Auckland,Kebab - Burger,,,,,,,
Mediterranean Hub,09 600 2341,Auckland,Mediterranean,,,,,,,
Uncle Man's,09-521 0919,Auckland,Asia,,,,,,,
Charcoal Chicken,09-265 1644,Botany. Auckland,Chicken - Burger,,,,,,,
Chicking Botany,09 212 8662,Auckland,Chicken - Burger,,,,,,,
Oceanz Seafood Mission Bay,09 521 5891,New Zealand,Fish,,,,,,,
Wicked Chicken,09-212 3886,Auckland,Chicken - Burger,,,,,,,
Chicking,09 600 2419,Auckland,Chicken - Burger,,,,,,,
Sam's Kebab,09 214 7543,Auckland,Kebab - Burger,,,,,,,
Wicked Chicken,09 212 3671,Auckland,Chicken - Burger,,,,,,,
Zana,09-265 1777,Auckland,Asia,,,,,,,
Chicking New Zealand,0800 545 469,Auckland,Chicken - Burger,,,,,,,
Country Fried Chicken,09-275 5673,Auckland,Chicken - Burger,,,,,,,
Fijiana by Chachi's,027 237 8266,Auckland,Indian,,,,,,,
GetFresh Halal Takeaway,09-275 7195,Auckland,Indian,,,,,,,
Tandoori Mahal,09 261 2536,Auckland,Indian,,,,,,,
Taste of Malaysia,09-262 2063,Auckland,Asia,,,,,,,
Wicked Chicken,09-218 6620,Auckland,Chicken - Burger,,,,,,,
Wicked Chicken,07 929 1008,Hamilton 3200,Chicken - Burger,,,,,,,
Aliiz Kitchen,022 166 7161,Auckland,Burger - Indian - Fish,,,,,,,
Country Fried Chicken,09 268 2200,Auckland,Chicken - Burger,,,,,,,
Fijiana by Chachi's,09 268 8180,Auckland,Indian,,,,,,,
Crispy Chicken Limited,09-276 4744,Auckland,Indian - Chicken - Fish,,,,,,,
Halal Tasty Foods,09-276 6401,Auckland,Asia - Indian,,,,,,,
New Sensational Kebab & Fried Chicken,-,Auckland 1025,Kebab - Chicken - Burger,,,,,,,
New Sensational Kebab & Fried Chicken,020 4051 4995,Auckland,Kebab - Chicken - Burger,,,,,,,
Paradise Kebab & Fried Chicken,027 786 0028,Auckland 1071,Kebab - Chicken - Burger,,,,,,,
SENSATIONAL CHICKEN,09-276 7786,Auckland,Kebab - Chicken - Burger,,,,,,,
Yaya's Kebab,09-948 2656,Auckland,Kebab - Burger - Mediterranean,,,,,,,
Biryaniwala,09-277 5678,Auckland,Indian,,,,,,,
Biryaniwala,09 277 5678,Auckland 0612,Indian,,,,,,,
Chef's Patisserie & Catering,09-2779964,Auckland,Sweet,,,,,,,
Hunters Corner Curry House,09-2500006,Auckland,Indian,,,,,,,
Karachi Indian Cuisine,09-279 3366,Auckland,Indian,,,,,,,
Karachi Kebabs,09-279 9949,Auckland,Chicken - Kebab,,,,,,,
Khanz Restaurant,09-250 1623,Auckland,Indian - Mediterranean,,,,,,,
Charcoal Chicken,09 264 0164,2112,Chicken - Burger,,,,,,,
Kebabs Delight,09-299 1104,Auckland,Kebab - Burger,,,,,,,
Adanaa Turkish Grill,09-825 0625,Auckland,Pizza - Kebab - Burger,,,,,,,
Tandoori Hut,09 217 8958,Auckland 1041,Indian,,,,,,,
Chicking,0800 546 469,Auckland,Chicken - Burger,,,,,,,
Fusion Feast Henderson,09 218 8955,Auckland,Indian,,,,,,,
Glen Eden Kebab,09 813 9773,Auckland,Kebab - Burger,,,,,,,
Green Café,09-558 2103,Auckland,Kebab - Mediterranean,,,,,,,
Kebabistan,021-068 8848,Auckland,Kebab - Burger,,,,,,,
Kebabs Istanbul,09-416 1723,Auckland,Kebab - Burger,,,,,,,
Mamaris Kebabs,09-832 8015,Auckland,Kebab - Burger,,,,,,,
Rotana Cafe,021 774 942,Auckland,Mediterranean - Other,,,,,,,
Seasonings,09-837 0110,Auckland,Kebab - Chicken - Burger,,,,,,,
Kebabs on Queen,09-422 2122,Warkworth,Kebab - Burger,,,,,,,
Chicking,06 862-2668,Gisborne,Chicken - Burger,,,,,,,
Aroma India,06-304 8080,Greytown,Indian,,,,,,,
Bombay Kebab,09 236 0721,Bombay,Kebab - Mediterranean,,,,,,,
Breeze Indian Restaurant,07 949 8159,Hamilton,Indian,,,,,,,
Chicking Hamilton,07-949 7723,Hamilton,Chicken - Kebab,,,,,,,
Kebab Salateen,07-839 3375,Hamilton,Kebab - Mediterranean,,,,,,,
Northern Star,07 834 9999,Hamilton,Indian - Pizza,,,,,,,
Afghan Darbar,06 260 1110,Palmerston North,Burger - Kebab - Pizza,,,,,,,
Café Eminem,06-353 1360,Palmerston North,Burger - Kebab - Pizza - Pasta,,,,,,,
Pastarita,09 883 4994,Auckland 1023,Pasta,,,,,,,
Ali Baba's Tunisian Takeaways,07-348 2983,Rotorua,Kebab - Pizza,,,,,,,
Just Kebabs,07-347 7984,Rotorua,Kebab - Burger,,,,,,,
Turkish Kebabs & Eatery,07-348 0141,Rotorua,Kebab - Burger,,,,,,,
Chicking,07 376 5103,Taupo,Chicken - Burger,,,,,,,
Café Laz,04-389 3073,Wellington,Kebab,,,,,,,
Chef Art Halal Street Food,020 4195 6704,Wellington,Asia,,,,,,,
Diwan Restaurant,04 260 0097,Wellington,Mediterranean,,,,,,,
Indian Sweets & Snacks,04 389 3621,Wellington,Indian,,,,,,,
Kareem Indian Takeaway,04-386 4000,Wellington,Indian,,,,,,,
New Paradise Indian Restaurant,0226804530,Lower Hutt 5010,Indian,,,,,,,
Temptation Indian Cuisine,09 963 8405,Auckland 1051,Indian,,,,,,,
Surti,09 273 4164,Auckland 1061,Indian,,,,,,,
Morteza Kebab & Bakery,04 280 0476,Wellington,Kebab - Mediterranean,,,,,,,
Mughlai Mer Curry,04-382-8554,Wellington,Indian,,,,,,,
AFG Restaurant,03-338 7029,Christchurch,Other,,,,,,,
Aminah's Bread and Butter Bakery,021 114 0751,Christchurch,Bakery,,,,,,,
Bali Thai,021 232 4762,Christchurch,Asia,,,,,,,
Best Turkish Food Co,03-366 0196,Christchurch,Kebab - Burger,,,,,,,
Boteco Cafe & Restaurant,03-377 3833,Christchurch,Cafe - Other,,,,,,,
Flaming Pizza,03-352 2577,Christchurch,Pizza,,,,,,,
Indian Paradise,03-381 1738,Christchurch,Indian,,,,,,,
Indian Paradise Deluxe,03 925 9179,Christchurch,Indian,,,,,,,
Indo Tempeh House,022-506 4509,Christchurch,Asia,,,,,,,
Kebab Land Food Court,03 343 0301,Christchurch,Kebab - Burger - Mediterranean,,,,,,,
Mainland Turkish Food,03 386 2374,Christchurch,Kebab,,,,,,,
Persian Delight,03 348 4830,Christchurch,Other,,,,,,,
Shamiana Cuisines of India,03 343 5551,Christchurch,Indian,,,,,,,
Supreme Kebab,03-359 0533,Christchurch,Kebab - Burger,,,,,,,
The Kiwi Kebab,022 470 5035,Christchurch,Mediterranean - Kebab,,,,,,,
Two Fat Indians,03-371 7273,Christchurch,Indian,,,,,,,
Western Java Cuisine,021 124 7416,Christchurch,Asia,,,,,,,
Zak's Kebabs,03 261 6124,Christchurch,Mediterranean - Kebab,,,,,,,
Souvlaki & Kebab Grill,03-445 4826,Cromwell,Mediterranean - Kebab,,,,,,,
Anatolia Turkish Cafe,03-474 1444,Dunedin,Kebab - Burger,,,,,,,
Konya Kebab Restaurant and Takeaway,03-477 7749,Dunedin,Kebab - Burger,,,,,,,
Sila Turkish Restaurant,03-474 9692,Dunedin,Kebab - Burger - Pizza - Mediterranean,,,,,,,
AR Indian Restaurant,03 215 9568,Invercargill,Indian,,,,,,,
Indian at The Crescent,03 214 1555,Invercargill 9810,Indian,,,,,,,
Curry Guru Tweed,03 214 0296,Invercargill,Indian,,,,,,,
Mevlana Kebabs,03-218 6468,Invercargill,Kebab - Burger - Mediterranean,,,,,,,
Turkish Kebabs,03-218 3399,Invercargill,Kebab - Burger,,,,,,,
Cafe Anatolia Turkish Cuisine,06-368 7924,Levin,Kebab - Burger,,,,,,,
Turkish Kebabs,03-208 5617,Gore,Restaurants,,,,,,,
Boliwood Restaurant Five Mile,03 442 2019,Queenstown,Indian,,,,,,,
Boliwood Indian Restaurant,03 442 7779,Queenstown,Indian,,,,,,,
Erik's Fish And Chips,03 441 3474,Queenstown,Fish,,,,,,,
Ljs fish and chips,07 949 8207,951 Maahanga drive northgate Hamilton,Fish,,,,,,,
Lumsden Butchery,022 036 9321,Lumsden,Meat,,,,,,,
Pedro's House of Lamb,03 441 4526,Queenstown,Other,,,,,,,
Turkish Kebabs,03 441 3424,Queenstown,Kebab - Burger,,,,,,,
Akbabas Turkish Kebabs and Cafe,03 577 9928,Marlborough,Kebab - Burger - Mediterranean,,,,,,,
Snack Shack Turkish Kebabs,03 443 7622,Wanaka,Kebab - Burger,,,,,,,
Auckland Indian Sweets & Snacks,09-270 3275,Auckland,Sweet - Vegetarian,,,,,,,
Auckland Indian Sweets & Snacks,09-629 3275,Auckland,Sweet - Vegetarian,,,,,,,
Auckland Indian Sweets & Snacks,09 629 3276,Auckland,Sweet - Vegetarian,,,,,,,
Dosa Plaza,09-629 6290,Auckland,Sweet - Vegetarian,,,,,,,
Dosa Plaza,09-274 9999,Auckland,Sweet - Vegetarian,,,,,,,
Eggs & More,09-845 5500,Auckland,Sweet - Vegetarian,,,,,,,
Gorilla Kitchen,022 060 6763,Auckland,Sweet - Vegetarian,,,,,,,
Lord of the Fries,09 600 1987,Auckland,Vegetarian,,,,,,,
Mithai Indian Vegetarian Restaurant,09-620 0117,Auckland,Sweet - Vegetarian,,,,,,,
Mithaiwala Indian Vegetarian Restaurant,09-267 5202,Auckland,Sweet - Vegetarian,,,,,,,
Mumbai Chaat,09-846 9393,Auckland,Sweet - Vegetarian,,,,,,,
Ras Vatika Indian Vegetarian Café,09-623 2145,Auckland,Sweet - Vegetarian,,,,,,,
Revive Cafe,09-3030420,Auckland,Sweet - Vegetarian - Other,,,,,,,
Roops Vegetarian Takeaways,09-626 4459,Auckland,Sweet - Vegetarian,,,,,,,
Shivani Restaurant,09-250 4474,Auckland,Sweet - Vegetarian,,,,,,,
Tart Bakery,09-3765535,Auckland,Sweet - Vegetarian,,,,,,,
The Raw Kitchen,09 379 5276,Auckland,Sweet - Vegetarian,,,,,,,
Little Bird Kitchen,09-555 3278,Auckland,Sweet - Vegetarian,,,,,,,
Xotic Sweets and Snack,09-6205786,Auckland,Sweet - Vegetarian,,,,,,,
Falafel Metro,027 203 0755,Tauranga,Sweet - Vegetarian,,,,,,,
Blissful Healthy Vegan Takeaway,07-849 9088,Hamilton,Sweet - Vegetarian,,,,,,,
Lord of the Fries,07 856 1255,Hamilton,Vegetarian,,,,,,,
Mithaiwala,07-847 5671,Hamilton,Sweet - Vegetarian,,,,,,,
Shivani Restaurant,07 843 9655,Hamilton,Sweet - Vegetarian,,,,,,,
Vegan Buffet,07-838 0805,Hamilton,Sweet - Vegetarian,,,,,,,
Wholefood Kitchen,06-835 8036,Napier,Sweet - Vegetarian,,,,,,,
STEAM 100% Pure Vegetarian Indian Restaurant,07-348 8144,1129 Hinemoa St. Rotorua,Sweet - Vegetarian,,,,,,,
Aroha,020-468 8168,Wellington,Sweet - Vegetarian,,,,,,,
Aunty Mena Vegetarian Café,04-382 8288,Wellington,Sweet - Vegetarian,,,,,,,
Bhakti Lounge,022-300 7786,Wellington,Sweet - Vegetarian,,,,,,,
Hillside Kitchen & Cellar,04-473 7140,Wellington,Sweet - Vegetarian,,,,,,,
Nature Vegetarian,04-560 4567,Wellington,Sweet - Vegetarian,,,,,,,
Pranah,04-389 8100,Wellington,Sweet - Vegetarian,,,,,,,
Sweet Release Cakes and Treats,021-132 0700,Wellington,Sweet - Vegetarian,,,,,,,
The Botanist,04-891 0198,Wellington,Sweet - Vegetarian,,,,,,,
Bikanervala,03-595 0292,Christchurch,Sweet - Vegetarian,,,,,,,
Bolina Sweets and Indian Restaurant,03-930 1034,Christchurch,Sweet - Vegetarian,,,,,,,
Dream Garden Vegetarian Café,03-358 8485,Christchurch,Sweet - Vegetarian,,,,,,,
The Origin,03-355 5939,Christchurch,Sweet - Vegetarian,,,,,,,
The Shroom Room,03-328 9459,Christchurch,Sweet - Vegetarian,,,,,,,
Villa 23,03-343 3375,Christchurch,Sweet - Vegetarian,,,,,,,
Water Drop Vegetarian Cafe,03-341 6276,Christchurch,Sweet - Vegetarian,,,,,,,
Welcome Chinese Vegetarian Café,03-348 2630,Christchurch,Sweet - Vegetarian,,,,,,,
The Good Earth Café,03-471 8554,Dunedin,Sweet - Vegetarian,,,,,,,
Zen's Kitchen,022-645 3756,Murchison.,Sweet - Vegetarian,,,,,,,
V Burgers,022-165 4836,Nelson.,Sweet - Vegetarian,,,,,,,
Lord of the Fries,03 265 1008,Queenstown,Vegetarian,,,,,,,
